1,0.001,0,0
2,0,0.002,0.001
3,0,0.002,0.004
4,0,0.005,0.006
5,0,0.006,0.008
6,0,0.008,0.013
7,0,0.011,0.014
8,0,0.018,0.015
9,0,0.019,0.021
10,0.001,0.021,0.023
11,0.001,0.025,0.027
12,0.001,0.03,0.032
13,0.001,0.034,0.035
14,0.001,0.041,0.042
15,0.001,0.053,0.046
16,0.007,0.07,0.042
17,0.002,0.07,0.055
18,0.002,0.073,0.062
19,0.002,0.077,0.076
20,0.002,0.082,0.068
21,0.003,0.087,0.074
22,0.003,0.095,0.078
23,0.003,0.103,0.091
24,0.003,0.117,0.089
25,0.004,0.123,0.098
26,0.004,0.133,0.103
27,0.004,0.144,0.106
28,0.005,0.163,0.122
29,0.005,0.181,0.126
30,0.005,0.195,0.121
31,0.006,0.221,0.134
32,0.006,0.279,0.142
33,0.007,0.274,0.157
34,0.011,0.302,0.243
35,0.009,0.403,0.244
36,0.008,0.343,0.227
37,0.009,0.336,0.222
38,0.009,1.13,0.204
39,0.009,0.33,0.24
40,0.01,0.366,0.232
41,0.01,0.349,0.234
42,0.017,0.406,0.241
43,0.011,0.413,0.348
44,0.013,0.518,0.307
45,0.014,0.478,0.264
46,0.012,0.472,0.366
47,0.015,0.596,0.331
48,0.015,0.499,0.308
49,0.015,0.531,0.41
50,0.018,0.622,0.374
51,0.016,0.54,0.357
52,0.032,0.551,0.332
53,0.017,0.564,0.335
54,0.017,0.575,0.33
55,0.018,0.597,0.35
56,0.018,0.663,0.351
57,0.019,0.674,0.363
58,0.02,0.698,0.388
59,0.02,0.732,0.402
60,0.021,0.778,0.395
61,0.024,1.101,0.482
62,0.039,0.95,0.428
63,0.023,0.937,0.421
64,0.024,1.099,0.432
65,0.024,1.287,0.532
66,0.026,1.11,0.501
67,0.026,1.111,0.511
68,0.027,1.126,0.542
69,0.028,1.222,0.563
70,0.029,1.152,0.57
71,0.029,1.158,0.699
72,0.033,1.324,0.569
73,0.031,1.193,0.598
74,0.032,1.192,0.615
75,0.033,1.217,0.632
76,0.033,1.23,0.617
77,0.034,1.254,0.66
78,0.038,1.44,0.882
79,0.037,1.301,0.664
80,0.037,1.338,0.665
81,0.037,1.343,0.697
82,0.041,1.353,0.707
83,0.039,1.376,0.726
84,0.04,1.408,0.73
85,0.041,1.448,0.805
86,0.055,1.717,0.749
87,0.043,1.47,0.762
88,0.05,1.511,0.767
89,0.046,1.545,0.786
90,0.047,1.588,0.802
91,0.047,1.609,0.807
92,0.048,1.715,0.939
93,0.051,1.905,0.842
94,0.05,1.733,0.842
95,0.051,1.777,0.853
96,0.058,1.873,0.876
97,0.054,1.909,0.922
98,0.055,2.028,1.12
99,0.062,2.088,0.941
100,0.057,2.002,0.942
101,0.058,2.01,0.966
102,0.06,2.04,0.975
103,0.06,2.083,1.065
104,0.069,2.45,0.968
105,0.063,2.171,0.981
106,0.064,2.189,1.036
107,0.065,2.238,1.025
108,0.066,2.325,1.092
109,0.068,2.619,1.034
110,0.075,2.409,1.031
111,0.07,2.466,1.059
112,0.075,2.641,1.076
113,0.072,3.037,1.11
114,0.074,2.692,1.112
115,0.077,2.721,1.118
116,0.076,2.795,1.137
117,0.081,3.121,1.173
118,0.079,2.883,1.146
119,0.08,2.95,1.156
120,0.081,3.126,1.178
121,0.082,3.549,1.19
122,0.09,3.239,1.184
123,0.085,3.306,1.204
124,0.091,3.538,1.465
125,0.094,3.618,1.231
126,0.099,3.778,1.304
127,0.091,3.927,1.407
128,0.095,4.633,1.335
129,0.095,4.363,1.384
130,0.097,4.541,1.73
131,0.1,4.424,1.447
132,0.107,4.414,1.47
133,0.105,4.539,1.502
134,0.106,4.708,1.496
135,0.105,4.467,1.564
136,0.108,4.559,1.6
137,0.106,4.501,1.621
138,0.107,4.533,1.641
139,0.109,4.562,1.706
140,0.112,4.789,1.863
141,0.113,4.614,1.733
142,0.114,4.644,1.707
143,0.115,4.665,1.77
144,0.127,4.655,1.726
145,0.119,4.685,1.76
146,0.121,4.719,1.789
147,0.122,4.76,1.797
148,0.125,4.643,1.775
149,0.12,4.638,1.79
150,0.123,4.656,1.835
151,0.124,4.695,1.863
152,0.125,4.739,1.819
153,0.127,4.777,1.821
154,0.13,4.821,1.858
155,0.132,4.857,1.874
156,0.133,4.902,1.904
157,0.135,4.929,1.937
158,0.136,4.979,1.95
159,0.139,5.021,1.969
160,0.139,5.099,1.96
161,0.14,5.146,2.008
162,0.142,5.173,2.029
163,0.145,5.211,2.057
164,0.146,5.241,2.059
165,0.147,5.281,2.07
166,0.149,5.314,2.096
167,0.154,5.333,2.129
168,0.153,5.407,2.128
169,0.155,5.442,2.142
170,0.156,5.486,2.162
171,0.157,5.525,2.16
172,0.163,5.556,2.186
173,0.161,5.61,2.208
174,0.164,5.656,2.219
175,0.166,5.711,2.248
176,0.168,5.814,2.221
177,0.169,5.865,2.257
178,0.174,5.926,2.27
179,0.173,5.961,2.308
180,0.176,6.039,2.312
181,0.176,6.069,2.352
182,0.179,6.161,2.336
183,0.181,6.225,2.336
184,0.186,6.366,2.383
185,0.186,6.401,2.386
186,0.188,6.496,2.414
187,0.188,6.583,2.435
188,0.191,6.724,2.419
189,0.192,6.774,2.462
190,0.198,6.885,2.486
191,0.197,6.96,2.47
192,0.199,7.279,2.472
193,0.202,7.328,2.525
194,0.203,7.29,2.571
195,0.205,7.341,2.614
196,0.207,7.461,2.637
197,0.209,7.472,2.655
198,0.212,7.476,2.644
199,0.213,7.555,2.655
200,0.219,7.64,2.746
201,0.217,7.673,2.779
202,0.22,7.751,3.085
203,0.261,8.648,2.883
204,0.233,8.161,2.855
205,0.234,8.206,2.889
206,0.236,8.292,2.869
207,0.239,8.748,2.916
208,0.243,8.55,2.926
209,0.245,8.603,2.936
210,0.245,8.652,2.9
211,0.239,8.404,2.894
212,0.245,8.455,2.901
213,0.244,8.53,2.927
214,0.247,8.581,2.914
215,0.251,8.682,2.98
216,0.252,8.851,2.972
217,0.255,8.927,2.995
218,0.256,9.008,3.003
219,0.258,9.093,3.043
220,0.26,9.269,3.008
221,0.266,9.306,3.035
222,0.265,9.54,3.091
223,0.268,9.659,3.066
224,0.27,10.137,3.07
225,0.273,10.167,3.123
226,0.275,10.289,3.154
227,0.279,10.28,3.157
228,0.281,10.325,3.216
229,0.283,10.381,3.192
230,0.285,10.466,3.215
231,0.288,10.521,3.257
232,0.292,10.638,3.201
233,0.292,10.725,3.173
234,0.295,10.791,3.259
235,0.296,10.909,3.281
236,0.309,11.088,3.287
237,0.307,11.141,3.284
238,0.309,11.333,3.318
239,0.311,11.48,3.328
240,0.314,11.945,3.406
241,0.312,12.002,3.415
242,0.315,12.081,3.396
243,0.321,12.181,3.42
244,0.32,12.393,3.467
245,0.326,12.466,3.49
246,0.328,12.63,3.492
247,0.331,12.809,3.485
248,0.331,13.337,3.544
249,0.333,13.416,3.522
250,0.337,13.618,3.562
251,0.339,13.824,3.549
252,0.345,14.268,3.636
253,0.345,14.432,3.659
254,0.347,14.917,3.62
255,0.355,15.354,3.669
256,0.354,16.601,3.697
257,0.357,16.667,3.738
258,0.358,18.05,4.063
259,0.379,17.376,4.036
260,0.376,17.813,4.101
261,0.382,17.468,4.17
262,0.384,17.29,4.039
263,0.373,16.902,4.211
264,0.377,16.875,4.214
265,0.376,16.93,4.228
266,0.38,16.989,4.212
267,0.383,17.031,4.22
268,0.387,17.064,4.336
269,0.391,17.097,4.377
270,0.394,17.162,4.457
271,0.398,17.206,4.415
272,0.404,17.182,4.493
273,0.402,17.234,4.497
274,0.407,17.309,4.591
275,0.41,18.233,5.245
276,0.432,18.505,4.829
277,0.428,18.559,4.938
278,0.477,18.89,4.89
279,0.432,18.646,4.863
280,0.442,18.767,5.304
281,0.46,18.702,4.957
282,0.453,19.241,5.286
283,0.446,18.723,5.099
284,0.449,19.147,5.476
285,0.46,18.931,5.112
286,0.456,18.866,5.572
287,0.458,18.934,5.215
288,0.462,18.967,5.581
289,0.464,19.115,5.227
290,0.467,19.101,5.568
291,0.471,19.22,5.224
292,0.474,19.533,6.154
293,0.484,19.335,5.353
294,0.481,19.466,5.732
295,0.484,19.494,5.377
296,0.491,19.523,5.8
297,0.489,19.445,5.548
298,0.498,19.957,5.535
299,0.497,19.545,5.762
300,0.572,19.69,5.67
301,0.504,19.82,5.764
302,0.51,19.284,5.463
303,0.492,20.415,6.425
304,0.513,20.117,5.68
305,0.537,20.64,5.754
306,0.525,20.225,6.295
307,0.524,20.442,5.81
308,0.528,20.723,6.121
309,0.533,20.549,6.268
310,0.573,20.542,5.88
311,0.543,20.807,6.346
312,0.562,20.62,6.071
313,0.548,20.294,5.923
314,0.55,20.41,6.427
315,0.552,20.837,5.994
316,0.56,21.067,5.902
317,0.562,20.669,5.928
318,0.562,20.296,5.813
319,0.55,20.134,5.743
320,0.548,20.44,5.967
321,0.558,20.539,6.054
322,0.561,21.177,7.326
323,0.585,21.312,6.285
324,0.585,21.966,6.331
325,0.59,21.538,6.389
326,0.589,21.038,6.121
327,0.577,20.854,6.151
328,0.577,20.98,6.273
329,0.581,21.003,6.275
330,0.583,21.156,6.25
331,0.591,21.207,6.217
332,0.594,22.775,6.523
333,0.614,22.021,6.557
334,0.627,21.635,6.368
335,0.602,21.423,6.384
336,0.608,21.469,6.367
337,0.609,21.554,6.429
338,0.613,21.684,6.413
339,0.616,21.772,6.428
340,0.62,21.821,6.472
341,0.624,21.887,6.513
342,0.634,21.994,6.531
343,0.63,22.086,6.564
344,0.638,22.238,6.575
345,0.641,22.332,6.606
346,0.641,23.503,6.805
347,0.673,22.802,6.594
348,0.651,22.623,6.6
349,0.656,22.706,6.601
350,0.657,24.295,6.952
351,0.687,23.849,7.385
352,0.692,24.155,6.98
353,0.699,23.71,6.798
354,0.676,23.451,6.883
355,0.682,24.437,7.106
356,0.706,24.183,6.861
357,0.688,23.714,6.885
358,0.69,23.84,6.937
359,0.698,23.922,6.96
360,0.698,24.119,6.933
361,0.706,24.202,6.995
362,0.704,24.324,7.023
363,0.707,24.456,7.04
364,0.713,24.571,7.063
365,0.717,25.547,7.364
366,0.748,26.678,7.329
367,0.767,25.937,7.335
368,0.751,25.521,7.118
369,0.731,25.456,7.178
370,0.738,25.528,7.198
371,0.79,27.277,7.486
372,0.777,26.428,7.21
373,0.744,28.101,7.47
374,0.781,28.173,8.322
375,0.799,28.271,8.047
376,0.815,28.336,8.131
377,0.791,28.832,7.678
378,0.802,28.92,7.596
379,0.805,29.125,8.246
380,0.805,29.068,8.217
381,0.808,29.855,7.756
382,0.813,29.32,7.749
383,0.818,29.345,7.784
384,0.824,30.359,7.727
385,0.825,30.197,7.934
386,0.835,30.434,7.985
387,0.832,30.68,8.118
388,0.844,30.762,8.041
389,0.839,30.679,8.143
390,0.85,30.642,8.161
391,0.853,30.958,8.121
392,0.859,30.982,8.233
393,0.859,31.08,8.334
394,0.887,31.66,8.842
395,0.867,33.611,8.714
396,0.875,33.12,8.484
397,0.883,33.226,8.363
398,0.882,33.379,8.59
399,0.917,32.919,8.828
400,0.901,33.207,9.039
401,0.926,33.463,8.799
402,0.91,33.786,9.319
403,0.904,34.085,9.128
404,0.92,32.99,8.728
405,0.92,32.99,8.756
406,0.931,33.73,9.067
407,0.937,32.813,8.67
408,0.935,32.856,8.833
409,0.938,34.083,8.862
410,0.945,33.696,9.509
411,0.95,34.369,10.578
412,1.003,34.33,8.827
413,0.951,35.38,9.549
414,0.977,35.433,9.457
415,0.97,34.866,9.727
416,1.011,35.46,9.187
417,0.984,37.372,10.072
418,0.982,36.11,10.045
419,0.98,37.94,9.365
420,0.992,36.931,9.45
421,0.995,37.766,10.344
422,1.037,36.524,9.25
423,1.003,36.179,9.227
424,1.008,37.52,9.084
425,1.005,35.919,9.78
426,1.016,36.071,9.51
427,1.014,36.189,9.601
428,1.046,36.822,9.404
429,1.062,37.301,9.302
430,1.039,38.608,9.564
431,1.048,40.468,10.281
432,1.056,39.118,9.432
433,1.063,38.966,10.1
434,1.098,37.949,9.223
435,1.064,38.129,9.334
436,1.057,39.102,9.522
437,1.066,38.354,9.626
438,1.072,38.3,9.585
439,1.083,38.444,9.559
440,1.087,38.545,9.477
441,1.086,38.561,9.488
442,1.095,38.713,9.391
443,1.101,38.975,9.487
444,1.102,39.716,9.57
445,1.111,39.722,9.581
446,1.115,40.299,10.655
447,1.112,40.917,9.522
448,1.124,41.666,9.45
449,1.126,41.858,9.547
450,1.137,40.847,9.522
451,1.138,41.323,9.591
452,1.092,40.593,9.449
453,1.107,42.287,10.024
454,1.156,43.605,10.253
455,1.154,43.629,9.99
456,1.171,44.745,10.279
457,1.167,42.972,10.633
458,1.166,44.535,9.958
459,1.182,43.584,10.522
460,1.192,44.018,9.985
461,1.183,44.246,10.063
462,1.196,44.141,10.109
463,1.195,43.858,10.078
464,1.206,42.76,9.706
465,1.166,44.556,10.158
466,1.212,43.57,10.165
467,1.218,45.448,10.177
468,1.223,44.999,10.242
469,1.22,44.147,9.917
470,1.189,43.559,9.937
471,1.19,43.754,9.81
472,1.201,44.395,9.909
473,1.198,44.493,10.009
474,1.262,47.089,10.289
475,1.252,45.687,9.898
476,1.25,48.509,10.789
477,1.264,47.826,10.398
478,1.271,47.731,10.015
479,1.23,46.541,10.029
480,1.234,48.173,10.199
481,1.246,49.88,10.186
482,1.247,48.016,10.448
483,1.296,50.434,10.644
484,1.302,48.743,10.311
485,1.266,49.481,11.157
486,1.325,51.735,10.899
487,1.377,51.906,11.039
488,1.356,52.802,11.196
489,1.341,53.46,11.552
490,1.392,52.952,10.892
491,1.444,54.457,11.366
492,1.43,54.541,11.763
493,1.368,54.253,11.723
494,1.376,54.821,11.321
495,1.357,54.957,11.572
496,1.378,56.644,11.398
497,1.382,58.91,11.529
498,1.446,57.615,11.467
499,1.391,57.344,11.209
500,1.394,57.713,12.387
501,1.398,57.697,11.586
502,1.405,58.164,11.591
503,1.408,58.626,11.255
504,1.42,60.201,11.836
505,1.42,61.66,11.628
506,1.441,62.645,11.8
507,1.436,61.872,11.455
508,1.443,63.372,11.716
509,1.441,63.755,11.642
510,1.465,65.165,11.616
511,1.464,67.874,11.849
512,1.45,69.62,11.398
513,1.409,66.831,11.322
514,1.417,68.64,11.325
515,1.421,67.006,11.672
516,1.426,67.082,11.618
517,1.434,67.092,11.679
518,1.437,67.25,11.745
519,1.445,67.379,11.974
520,1.453,67.448,12.029
521,1.454,69.775,12.516
522,1.517,69.077,12.132
523,1.465,67.521,12.139
524,1.47,67.68,12.426
525,1.479,67.685,12.494
526,1.482,67.912,12.555
527,1.503,67.861,12.605
528,1.497,67.871,12.569
529,1.496,68.187,12.654
530,1.507,71.227,13.346
531,1.583,76.647,14.128
532,1.632,72.943,13.846
533,1.581,73.425,13.502
534,1.591,73.015,13.945
535,1.591,73.056,13.915
536,1.597,72.667,13.676
537,1.606,71.59,13.48
538,1.609,72.298,14.081
539,1.615,71.599,13.849
540,1.634,72.868,13.833
541,1.637,70.023,13.358
542,1.575,68.769,13.294
543,1.582,68.904,13.41
544,1.587,68.889,13.517
545,1.588,73.155,14.604
546,1.671,72.099,13.999
547,1.604,71.526,13.951
548,1.606,72.265,14.348
549,1.68,73.41,14.363
550,1.75,71.338,13.823
551,1.633,69.302,13.798
552,1.628,69.464,14.729
553,1.696,70.8,14.086
554,1.643,72.946,15.085
555,1.719,73.823,15.075
556,1.717,73.799,15.053
557,1.722,73.667,15.896
558,1.745,77.229,15.591
559,1.783,76.057,15.176
560,1.737,74.059,14.902
561,1.833,74.05,15.076
562,1.756,74.159,15.07
563,1.799,74.926,15.492
564,1.791,75.637,15.381
565,1.77,75.436,15.573
566,1.803,75.843,15.688
567,1.79,75.143,15.006
568,1.79,72.436,14.702
569,1.736,71.005,14.672
570,1.738,70.981,14.597
571,1.754,71.213,15.053
572,1.839,75.004,15.344
573,1.778,71.314,14.731
574,1.76,71.587,14.885
575,1.789,74.345,15.14
576,1.772,75.724,15.52
577,1.848,73.078,15.032
578,1.784,71.807,15.143
579,1.798,71.81,15.294
580,1.799,72.047,15.179
581,1.808,74.65,15.771
582,1.888,74.997,16.22
583,1.898,75.158,16.217
584,1.896,76.407,17.873
585,1.908,77.264,16.505
586,1.961,77.136,16.377
587,2.01,77.059,16.516
588,1.921,77.1,16.317
589,1.931,76.732,16.425
590,1.938,76.74,16.357
591,1.981,76.788,16.381
592,1.94,76.919,16.465
593,1.952,78.403,16.637
594,1.956,76.999,16.59
595,1.976,77.358,16.468
596,1.966,77.546,16.41
597,1.979,77.727,16.602
598,1.985,77.377,16.749
599,2.031,77.772,16.78
600,2.004,77.952,16.705
601,2.01,78.866,17.116
602,2.008,78.524,17.203
603,2.02,78.091,17.143
604,2.037,78.229,16.822
605,2.112,77.895,17.282
606,2.033,78.468,17.304
607,2.046,78.828,17.37
608,2.053,78.451,16.965
609,1.984,79.06,17.796
610,2.069,79.863,17.086
611,2.07,79.458,17.097
612,2.086,79.017,17.536
613,2.118,79.223,17.327
614,2.186,79.271,17.313
615,2.224,79.553,17.382
616,2.109,79.405,17.717
617,2.115,79.69,19.098
618,2.126,80.467,17.892
619,2.131,80.184,17.528
620,2.236,80.373,17.616
621,2.285,80.501,17.668
622,2.261,80.708,17.709
623,2.151,80.963,18.002
624,2.167,81.776,17.502
625,2.164,81.785,18.771
626,2.171,82.061,18.065
627,2.184,81.77,18.125
628,2.189,81.941,18.184
629,2.202,82.01,17.719
630,2.171,82.75,18.172
631,2.265,82.731,18.28
632,2.217,82.838,18.305
633,2.224,84.427,18.017
634,2.228,84.293,18.185
635,2.335,83.71,18.438
636,2.244,84.085,18.038
637,2.247,84.54,18.053
638,2.324,84.578,18.348
639,2.262,84.755,17.969
640,2.194,85.08,18.297
641,2.301,86.984,18.966
642,2.287,85.367,19.146
643,2.295,85.799,19.133
644,2.298,85.874,18.872
645,2.307,85.981,18.942
646,2.315,85.852,19.085
647,2.329,86.26,19.081
648,2.33,88.148,18.845
649,2.337,87.071,19.417
650,2.344,87.11,18.966
651,2.351,87.218,19.306
652,2.371,86.967,19.124
653,2.361,87.304,19.485
654,2.375,87.389,19.415
655,2.387,87.416,19.25
656,2.385,88.954,19.552
657,2.393,87.853,19.257
658,2.401,87.966,19.693
659,2.413,87.568,19.4
660,2.422,88.154,19.767
661,2.423,88.01,19.78
662,2.44,87.804,19.823
663,2.444,89.848,19.921
664,2.445,88.791,19.421
665,2.58,88.5,19.508
666,2.465,88.95,19.849
667,2.476,88.738,19.998
668,2.482,88.916,19.579
669,2.479,89.178,19.98
670,2.502,90.873,20.415
671,2.544,89.58,19.727
672,2.5,90.166,20.035
673,2.513,90.244,19.81
674,2.519,90.467,19.784
675,2.534,90.462,19.881
676,2.533,90.722,20.269
677,2.542,92.136,19.877
678,2.548,91.46,20.042
679,2.559,91.181,20.368
680,2.57,90.971,20.608
681,2.569,90.953,20.633
682,2.581,91.314,20.066
683,2.587,91.551,20.531
684,2.602,92.123,20.603
685,2.595,92.829,20.213
686,2.63,92.924,20.677
687,2.628,92.369,20.812
688,2.634,93.793,20.773
689,2.635,94.267,20.784
690,2.641,93.541,20.775
691,2.649,94.5,20.923
692,2.657,93.784,20.93
693,2.671,95.661,20.977
694,2.675,94.349,20.644
695,2.795,94.255,21.191
696,2.703,95.273,20.968
697,2.707,95.334,21.039
698,2.701,97.31,20.578
699,2.721,96.855,20.869
700,2.745,97.477,21.522
701,2.741,97.319,21.101
702,2.747,97.386,21.412
703,2.763,98.162,21.535
704,2.969,98.603,22.522
705,2.77,98.691,21.216
706,2.775,99.6,21.531
707,2.784,97.84,21.085
708,2.782,98.266,21.55
709,2.787,98.469,21.724
710,2.806,98.335,21.922
711,2.813,100.249,21.942
712,2.815,99.078,21.635
713,2.832,100.619,21.77
714,3.013,99.911,21.292
715,2.832,99.37,21.893
716,2.855,99.6,21.684
717,2.868,102.15,22.256
718,2.874,102.025,23.477
719,2.89,102.393,22.144
720,2.895,102.438,22.145
721,2.889,102.786,22.265
722,2.952,104.065,21.885
723,2.928,102.898,23.062
724,3.271,104.561,22.621
725,2.978,104.221,22.122
726,3.067,104.159,22.008
727,2.97,104.327,22.663
728,2.978,104.914,22.478
729,2.959,104.429,22.87
730,2.988,107.678,23.116
731,3.027,105.775,22.724
732,2.985,106.318,22.338
733,3.18,105.969,22.36
734,3.02,106.966,22.499
735,3.061,107.355,23.09
736,3.036,111.825,23.623
737,3.081,110.453,23.734
738,3.043,111.021,24.211
739,3.201,112.781,23.773
740,3.369,112.196,23.991
741,3.09,112.051,25.252
742,3.296,111.898,23.149
743,3.283,111.097,23.779
744,3.172,108.703,23.591
745,3.105,109.765,22.741
746,3.107,110.764,23.001
747,3.322,115.529,24.063
748,3.111,114.558,22.744
749,3.376,114.311,23.317
750,3.163,112.142,23.614
751,3.175,114.518,23.704
752,3.148,114.43,23.063
753,3.176,116.37,24.063
754,3.199,113.563,23.772
755,3.18,114.04,23.761
756,3.203,114.357,23.781
757,3.229,114.665,23.56
758,3.236,114.543,23.817
759,3.214,117.022,23.636
760,3.228,116.213,23.805
761,3.237,117.255,24.817
762,3.284,120.958,24.822
763,3.287,124.464,24.763
764,3.272,123.066,24.471
765,3.26,122.581,24.538
766,3.416,122.863,23.938
767,3.299,121.695,23.89
768,3.303,123.982,23.452
769,3.316,123.854,25.25
770,3.512,124.779,24.295
771,3.348,123.408,24.457
772,3.323,126.076,24.99
773,3.379,133.046,24.964
774,3.719,130.671,25.829
775,3.613,133.56,25.904
776,3.46,127.594,25.504
777,3.588,127.01,25.735
778,3.404,128.112,26.272
779,3.628,134.169,26.59
780,3.567,133.58,27.227
781,3.562,127.364,25.4
782,3.565,126.579,25.602
783,3.525,133.435,25.113
784,3.626,125.467,25.688
785,3.434,128.819,25.642
786,3.456,129.572,26.361
787,3.47,130.685,25.873
788,3.675,136.232,26.928
789,3.84,137.153,27.326
790,3.994,137.282,27.949
791,3.671,132.271,26.28
792,3.804,131.943,26.143
793,3.541,126.335,25.103
794,3.534,130.913,29.088
795,3.692,135.345,27.07
796,3.727,134.704,25.612
797,3.591,128.558,27.049
798,3.794,134.645,27.787
799,3.814,138.412,28.575
800,3.745,130.336,25.471
801,3.589,128.159,25.421
802,3.579,126.747,25.346
803,3.576,127.452,25.848
804,3.605,129.725,28.46
805,3.662,129.809,26.951
806,3.682,128.068,25.55
807,3.621,128.469,25.68
808,3.652,128.332,25.522
809,3.652,128.113,27.377
810,3.65,128.813,25.823
811,3.661,128.702,26.137
812,3.702,129.179,25.8
813,3.672,129.391,25.884
814,3.696,129.357,27.304
815,3.697,130.744,27.165
816,3.829,136.144,27.299
817,3.723,134.808,27.091
818,3.803,134.985,26.474
819,3.978,131.913,26.221
820,3.732,131.96,25.983
821,3.762,131.43,26.146
822,3.782,132.367,26.227
823,3.762,131.757,25.706
824,3.637,129.224,25.933
825,3.779,130.48,25.284
826,3.784,128.948,25.275
827,3.662,132.951,26.301
828,3.805,133.062,25.402
829,3.707,130.774,26.364
830,3.824,132.185,26.204
831,3.695,131.88,26.069
832,3.807,132.935,25.775
833,3.854,134.604,26.337
834,3.823,135.806,26.897
835,3.87,134.304,26.032
836,3.777,134.937,26.352
837,3.835,135.134,26.494
838,3.909,136.009,26.517
839,3.868,138.27,26.737
840,3.918,136.991,26.72
841,3.887,137.592,26.803
842,3.897,137.679,26.702
843,3.932,137.568,26.724
844,3.96,139.053,26.813
845,3.885,137.445,26.824
846,3.851,137.739,26.873
847,3.975,138.718,27.001
848,3.995,139.141,27.524
849,4.343,140.206,26.835
850,3.94,139.328,27.034
851,3.985,138.79,26.866
852,4.02,141.761,27.511
853,4.056,142.845,28.275
854,4.06,140.283,27.232
855,4.223,144.526,27.844
856,4.188,142.236,27.26
857,4.078,140.162,27.076
858,4.018,143.364,27.149
859,4.103,141.809,27.391
860,4.105,142.847,27.214
861,4.119,142.798,27.331
862,4.129,143.154,28.616
863,4.132,143.343,27.27
864,3.988,145.064,27.185
865,4.006,143.315,27.18
866,4.108,144.472,27.477
867,4.068,147.626,27.317
868,4.027,145.166,27.288
869,4.108,144.968,27.092
870,4.113,148.128,27.624
871,4.197,148.306,29.025
872,4.222,148.073,27.334
873,4.166,147.149,27.424
874,4.234,148.23,27.772
875,4.248,149.191,27.651
876,4.266,151.439,27.551
877,4.247,150.019,27.979
878,4.243,150.163,27.913
879,4.312,151.36,28.03
880,4.294,153.689,28.549
881,4.321,151.969,28.053
882,4.319,152.615,28.152
883,4.309,153.264,28.166
884,4.329,154.027,27.278
885,4.193,156.053,27.795
886,4.357,154.024,27.469
887,4.213,150.675,27.449
888,4.225,154.229,28.066
889,4.317,158.728,28.107
890,4.431,159.976,29.039
891,4.41,158.115,27.353
892,4.265,155.915,27.986
893,4.437,160.17,28.323
894,4.411,159.821,28.236
895,4.439,162.197,28.13
896,4.454,166.218,28.538
897,4.469,168.289,29.129
898,4.483,170.113,29.574
899,4.487,168.025,28.443
900,4.372,164.846,27.971
901,4.349,165.419,29.394
902,4.535,165.026,28.53
903,4.5,166.794,28.932
904,4.489,167.915,29.093
905,4.558,167.952,29.754
906,4.554,167.122,29.259
907,4.468,167.177,28.731
908,4.409,167.165,29.028
909,4.551,169.216,29.367
910,4.591,167.306,29.474
911,4.597,169.315,29.567
912,4.634,169.646,29.479
913,4.612,171.308,29.396
914,4.467,169.561,29.882
915,4.643,169.846,30.219
916,4.702,170.163,28.859
917,4.495,170.093,30.085
918,4.674,166.905,29.425
919,4.53,169.785,30.073
920,4.678,170.537,29.737
921,4.676,173.834,29.443
922,4.612,171.402,29.651
923,4.732,171.978,30.017
924,4.695,173.086,30.064
925,4.745,175.227,30.055
926,4.697,173.597,29.649
927,4.664,171.504,30.19
928,4.762,176.613,30.075
929,4.792,177.874,30.309
930,4.802,176.458,30.424
931,4.801,175.733,30.288
932,4.794,176.399,31.583
933,4.828,177.934,30.217
934,4.871,173.369,29.416
935,4.677,175.232,30.301
936,4.855,179.238,30.96
937,4.869,177.096,30.44
938,4.867,177.509,30.371
939,4.885,178.297,30.474
940,4.892,180.612,29.783
941,4.78,177.161,29.577
942,4.744,177.856,30.095
943,4.853,180.332,29.932
944,4.792,183.508,30.208
945,4.827,182.525,30.833
946,4.961,178.527,29.757
947,4.796,177.481,31.999
948,4.998,183.837,30.701
949,4.916,183.474,30.737
950,4.96,184.523,30.847
951,5.017,187.566,30.844
952,4.996,186.585,30.862
953,5.031,187.039,31.06
954,5.046,187.867,31.053
955,4.924,190.064,30.861
956,4.964,187.507,30.059
957,4.899,187.974,30.89
958,4.973,191.745,31.646
959,5.101,191.027,31.096
960,5.016,195.47,31.101
961,5.103,196.645,31.614
962,5.13,197.354,30.838
963,4.975,193.176,31.595
964,5.011,196.201,31.195
965,5.182,199.037,31.572
966,4.991,197.517,31.861
967,5.174,197.75,31.579
968,5.203,197.199,32.277
969,5.542,199.261,31.681
970,5.175,196.788,31.498
971,5.053,196.781,31.088
972,5.054,200.056,31.307
973,5.155,200.067,31.714
974,5.244,200.283,31.213
975,5.084,200.159,32.757
976,5.379,200.904,31.585
977,5.228,202.499,31.922
978,5.19,202.974,31.798
979,5.171,204.847,31.715
980,5.164,201.294,31.909
981,5.155,202.275,32.282
982,5.223,207.12,31.68
983,5.168,204.116,31.577
984,5.184,204.15,31.734
985,5.185,205.193,33.379
986,5.393,204.972,31.795
987,5.216,205.013,32.081
988,5.276,209.498,32.092
989,5.229,213.015,32.276
990,5.304,210.237,32.178
991,5.301,212.01,32.035
992,5.258,218.799,32.349
993,5.324,215.775,32.841
994,5.351,221.827,33.13
995,5.488,220.206,32.136
996,5.303,218.758,32.782
997,5.424,219.684,32.63
998,5.321,223.087,32.828
999,5.384,220.535,32.799
1000,5.403,220.845,32.921
1010,5.5,235.389,32.584
1020,5.556,246.504,33.457
1030,5.671,270.649,35.717
1040,5.807,275.122,36.336
1050,5.892,270.674,37.199
1060,6.006,273.861,39.636
1070,6.346,274.226,39.167
1080,6.233,276.231,40.997
1090,6.566,280.986,41.459
1100,6.475,278.231,41.875
1110,6.582,282.331,43.582
1120,6.738,282.395,42.953
1130,6.887,283.94,43.863
1140,6.958,290.348,44.137
1150,7.068,290.498,45.013
1160,7.294,295.302,46.37
1170,7.38,294.559,47.287
1180,7.48,299.199,48.679
1190,7.568,297.696,48.126
1200,7.832,298.902,50.111
1210,8.114,304.598,48.899
1220,7.991,305.57,49.949
1230,8.087,311.339,50.489
1240,8.347,311.258,50.999
1250,8.354,318.459,51.618
1260,8.48,316.259,52.438
1270,8.717,325.463,52.664
1280,8.744,326.847,53.352
1290,8.972,335.912,54.778
1300,9.024,332.992,55.281
1310,9.164,340.685,55.976
1320,9.388,339.348,57.169
1330,9.463,346.143,57.188
1340,9.597,344.474,57.36
1350,9.788,357.598,58.372
1360,9.993,355.047,59.052
1370,10.023,358.009,59.019
1380,10.166,359.884,60.008
1390,10.354,367.315,60.128
1400,10.494,367.911,61.668
1410,11.022,378.233,61.337
1420,10.757,380.168,62.645
1430,11.007,380.586,62.285
1440,11.072,390.34,62.426
1450,11.338,390.116,63.775
1460,11.404,400.603,63.592
1470,11.566,406.435,67.744
1480,12.156,419.675,64.567
1490,11.888,418.601,65.104
1500,12.071,423.938,66.228
1510,12.281,434.472,66.677
1520,12.332,446.038,66.587
1530,12.519,449.926,67.121
1540,12.683,472.178,68.23
1550,12.824,475.972,69.432
1560,13.018,475.47,70.288
1570,13.232,485.247,72.24
1580,13.602,486.604,72.133
1590,13.51,486.716,74.899
1600,13.698,489.019,73.193
1610,13.827,497.782,74.113
1620,14.081,499.162,74.269
1630,14.178,501.391,77.513
1640,15.13,507.989,75.672
1650,14.567,516.784,76.345
1660,14.806,524.855,76.792
1670,14.971,534.338,79.847
1680,15.081,540.086,81.476
1690,15.336,559.819,80.87
1700,15.833,574.259,82.16
1710,16.698,591.975,84.202
1720,16.54,604.767,87.749
1730,17.089,598.966,84.161
1740,16.794,608.835,91.311
1750,17.242,610.786,84.515
1760,17.586,627.364,84.11
1770,16.857,632.25,83.008
1780,17.052,646.7,87.917
1790,18.151,669.184,87.764
1800,17.949,665.392,85.452
1810,17.48,663.194,86.226
1820,17.756,670.26,86.792
1830,17.924,678.573,89.029
1840,18.137,686.678,89.467
1850,18.392,693.644,89.656
1860,18.581,703.836,90.488
1870,18.789,709.278,91.364
1880,18.861,715.6,92.084
1890,19.143,731.093,91.401
1900,19.825,744.406,92.725
1910,20.048,764.833,92.97
1920,19.702,786.613,93.093
1930,21.205,789.72,94.103
1940,21.746,804.812,96.658
1950,22.587,818.315,96.426
1960,22.312,834.053,98.27
1970,23.208,862.814,103.48
1980,24.028,866.405,98.341
1990,22.752,892.399,99.853
2000,23.573,924.849,100.553
2010,24.109,937.124,104.207
2020,23.992,955.527,102.171
2030,23.899,972.98,102.886
2040,23.96,1017.04,103.323
2050,24.273,1099.56,105.479
2060,24.488,1101.26,107.279
2070,24.58,1109.45,110.262
2080,24.873,1110.69,111.558
2090,25.102,1109.83,112.766
2100,25.454,1113.6,114.98
2110,25.576,1113.14,115.143
2120,25.914,1117.7,117.705
2130,26.101,1122.18,118.929
2140,26.331,1121.22,118.679
2150,26.448,1126.67,120.041
2160,26.797,1124.71,121.613
2170,27.071,1128.68,122.919
2180,27.296,1132.51,125.365
2190,27.518,1136.9,126.349
2200,27.821,1142.46,127.872
2210,27.911,1144.32,128.729
2220,28.26,1148.21,128.195
2230,28.502,1145.49,129.945
2240,28.821,1152.35,131.732
2250,29.018,1153.21,132.055
2260,29.228,1164.78,133.448
2270,29.6,1161.88,133.407
2280,29.815,1165.2,135.681
2290,30.053,1176.41,136.085
2300,30.352,1175.23,136.197
2310,30.473,1178.79,138.73
2320,30.726,1179.81,140.669
2330,31.101,1186.47,141.193
2340,31.418,1187.39,141.604
2350,31.505,1190.53,143.02
2360,31.837,1199.51,144.174
2370,32.088,1203.09,145.723
2380,32.257,1210.33,148.044
2390,32.688,1214.74,147.219
2400,32.979,1227.11,147.945
2410,33.109,1233.46,149.525
2420,33.373,1233.81,149.809
2430,33.78,1239.55,151.352
2440,33.93,1248.6,151.25
2450,34.283,1253.94,154.969
2460,34.644,1254.81,152.598
2470,34.839,1260.4,155.486
2480,35.043,1272.76,156.13
2490,35.3,1282.75,157.17
2500,35.687,1291.21,157.869
2510,36.09,1294.05,159.496
2520,36.399,1304.02,159.059
2530,36.506,1315.87,161.361
2540,36.789,1316.4,160.167
2550,37.204,1331.15,162.245
2560,37.327,1347.98,160.419
2570,37.693,1354.14,164.282
2580,37.964,1362.76,171.057
2590,38.507,1389.55,169.423
2600,38.934,1379.9,169.829
2610,38.845,1371.83,170.396
2620,39.115,1378.86,171.21
2630,39.405,1387.14,172.798
2640,39.657,1389.57,172.942
2650,40.06,1392.96,174.483
2660,40.344,1402.64,174.779
2670,40.538,1411.32,175.564
2680,40.866,1419.65,176.35
2690,41.354,1419.49,178.511
2700,41.354,1428.73,178.714
2710,41.797,1435.9,178.75
2720,42.157,1440.91,178.33
2730,42.428,1441.88,178.745
2740,42.79,1455.34,180.675
2750,43.081,1467.62,181.597
2760,43.222,1475.37,182.772
2770,43.652,1479.89,181.408
2780,44.057,1491.04,184.397
2790,44.172,1496.97,184.849
2800,44.528,1505.73,183.688
2810,44.974,1514.17,185.087
2820,45.106,1532.34,186.713
2830,45.57,1537.89,188.686
2840,45.86,1549.94,189.692
2850,46.138,1563.74,189.411
2860,46.51,1552.2,189.279
2870,46.846,1574.39,192.672
2880,46.987,1583.02,191.713
2890,47.487,1598.05,193.72
2900,47.696,1596.06,194.248
2910,48.142,1615.41,195.165
2920,48.303,1623.14,195.465
2930,48.81,1635.14,195.335
2940,49.691,1658.3,197.566
2950,49.334,1675.25,201.701
2960,49.791,1684.89,199.587
2970,50.004,1694.38,200.507
2980,50.373,1706.61,201.509
2990,50.696,1714.58,199.358
3000,51.141,1727.08,201.799
3010,51.351,1756.63,202.742
3020,51.97,1767.23,204.845
3030,52.316,1782.43,205.452
3040,52.482,1806.74,201.758
3050,53.014,1820.95,206.865
3060,53.112,1843.05,207.975
3070,53.726,1883.79,208.595
3080,54.025,1927.89,212.159
3090,54.482,1926.89,215.363
3100,54.799,1929.22,216.028
3110,55.181,1940.45,218.249
3120,55.667,1938.96,219.644
3130,55.936,1945.72,220.723
3140,56.272,1949.69,221.87
3150,56.519,1958.84,220.126
3160,56.94,1969.87,222.847
3170,57.371,1980.74,224.193
3180,57.816,1996.46,224.509
3190,58.036,1995.06,226.376
3200,58.442,2007.05,225.658
3210,58.751,2010.09,226.107
3220,59.148,2023.36,228.21
3230,59.469,2033.6,228.554
3240,59.923,2039.49,228.544
3250,60.126,2046.63,230.744
3260,60.594,2059.04,232.045
3270,60.969,2057.91,232.567
3280,61.1,2077,231.838
3290,61.818,2089.05,233.458
3300,62.093,2104.52,234.276
3310,62.394,2107.85,235.736
3320,62.75,2128.93,234.479
3330,63.234,2160.26,236.899
3340,63.348,2168.66,239.097
3350,63.928,2176.58,239.766
3360,64.338,2181.37,239.881
3370,64.586,2187.16,240.218
3380,65.135,2207.77,241.991
3390,65.533,2214,242.314
3400,65.789,2227.51,239.97
3410,66.033,2237.3,244.06
3420,66.536,2254.55,244.3
3430,66.938,2273.23,245.013
3440,67.263,2283.77,246.126
3450,67.659,2301.72,246.525
3460,68.057,2331.92,252.776
3470,68.525,2342.45,249.17
3480,68.814,2352.93,250.253
3490,69.269,2369.65,249.49
3500,69.821,2379.95,251.207
3510,69.995,2405.39,250.988
3520,70.349,2443.74,251.813
3530,70.824,2454.44,252.915
3540,71.111,2467.41,252.406
3550,71.519,2518.14,252.634
3560,72.014,2524.89,254.84
3570,72.465,2547.97,253.42
3580,72.675,2596.56,254.118
3590,73.175,2651.78,257.361
3600,73.706,2668.73,260.351
3610,74.058,2681.79,261.505
3620,74.43,2694.45,262.737
3630,74.794,2693,263.44
3640,75.281,2713.03,265.067
3650,75.564,2722.78,265.512
3660,75.96,2730.09,266.823
3670,76.353,2747.02,268.379
3680,76.794,2763.43,269.507
3690,77.29,2762.17,269.915
3700,77.606,2782.17,267.734
3710,78.589,2810.47,271.642
3720,77.588,2839.96,273.833
3730,77.444,2837.33,274.328
3740,78.111,2844.69,275.005
3750,77.179,2871.97,275.624
3760,77.728,2891.51,273.952
3770,78.403,2905.77,276.264
3780,80.381,2938.57,278.404
3790,78.806,2949.21,278.167
3800,79.736,2971.69,278.309
3810,80.96,3002.83,279.934
3820,81.604,3022.25,280.774
3830,80.767,3065.04,283.336
3840,82.049,3150.29,280.444
3850,81.48,3161.88,283.798
3860,83.023,3168.73,284.131
3870,82.541,3190.09,286.993
3880,82.365,3212.5,288.133
3890,83.132,3231.7,287.086
3900,85.28,3250.74,289.96
3910,84.973,3260.48,289.46
3920,84.363,3298.36,290.878
3930,86.503,3301.17,293.861
3940,86.814,3344.55,293.346
3950,85.6,3371.01,294.399
3960,87.247,3423.94,292.768
3970,86.751,3508.22,294.901
3980,88.073,3540.78,296.166
3990,88.828,3550.45,299.781
4000,89.317,3595.61,299.553
4010,82.94,3620.09,300.738
4020,89.5,3655.39,301.158
4030,90.205,3703.21,302.612
4040,90.648,3783.74,304.718
4050,91.007,3826.99,306.068
4060,91.755,3888.9,306.68
4070,92.169,3969.65,309.325
4080,93.927,4072.69,309.549
4090,94.468,4173.97,311.404
4100,95.498,4398.34,316.252
4110,95.823,4412.83,322.259
4120,96.435,4417.33,325.711
4130,96.893,4429.12,329.11
4140,97.459,4430.03,327.454
4150,97.872,4440.61,336.387
4160,98.334,4454.77,336.012
4170,99.991,4446.18,341.464
4180,98.801,4455.49,344.461
4190,99.604,4460.05,346.134
4200,100.164,4461.29,347.223
4210,100.512,4470.2,349.19
4220,100.488,4462.16,351
4230,101.365,4473.41,353.522
4240,101.92,4484.31,357.126
4250,101.075,4499.19,359.832
4260,102.74,4502.85,353.635
4270,103.232,4492.56,361.863
4280,103.084,4501.17,364.882
4290,104.228,4514.45,365.939
4300,104.289,4527.84,368.363
4310,104.894,4520.96,370.389
4320,105.188,4527.77,368.5
4330,105.826,4516.51,370.26
4340,106.318,4538.75,367.319
4350,106.722,4529.37,371.719
4360,107.015,4542.82,377.482
4370,107.552,4558.49,378.778
4380,108.034,4546.79,379.722
4390,108.678,4554.96,384.751
4400,108.42,4574.27,383.06
4410,109.425,4574.02,385.624
4420,109.892,4601.71,388.89
4430,109.913,4600.22,389.986
4440,110.556,4605.08,393.329
4450,110.315,4614.48,395.053
4460,111.155,4610.24,396.086
4470,109.884,4609.57,395.749
4480,111.452,4637.06,389.097
4490,112.923,4649.12,395.26
4500,113.228,4638.24,400.339
4510,113.097,4659.97,404.347
4520,114.013,4684.24,404.95
4530,114.675,4676.61,405.474
4540,114.93,4695.15,408.807
4550,114.988,4684.56,409.359
4560,116.502,4704.66,402.562
4570,116.131,4718.6,412.187
4580,116.745,4704.47,414.534
4590,117.512,4722.22,413.913
4600,117.519,4734.14,415.016
4610,118.002,4754.59,415.15
4620,118.426,4753.35,420.963
4630,119.033,4731.96,422.159
4640,120.084,4758.92,426.59
4650,120.507,4760.05,425.801
4660,121.144,4767.46,429.918
4670,120.621,4788.71,428.265
4680,121.57,4804.81,428.545
4690,121.809,4813.82,435.615
4700,122.846,4817.82,435.102
4710,124.098,4850.14,443.935
4720,126.566,4863.55,439.565
4730,124.032,4845.46,423.51
4740,121.569,4671.65,434.632
4750,124.886,4795.47,443.432
4760,125.291,4876.32,434.729
4770,123.004,4687.35,402.854
4780,118.517,4586.56,435.887
4790,127.921,4863.18,442.759
4800,125.611,4722.28,442.916
4810,127.787,4857.23,450.717
4820,128.332,4910.59,419.742
4830,122.753,4692.45,438.582
4840,129.097,4905.12,451
4850,129.712,4931.35,414.379
4860,123.16,4651.04,442.136
4870,130.743,4919.28,429.936
4880,127.877,4832.02,452.996
4890,132.191,4815,454.808
4900,132.187,4923.89,424.045
4910,126.19,4700.1,450.647
4920,133.324,4951.24,431.397
4930,126.603,4798.16,453.922
4940,132.771,4858.97,462.107
4950,134.804,4981.86,424.247
4960,127.721,4768.46,455.962
4970,135.586,5011.26,449.475
4980,131.946,4827.51,457.782
4990,136.952,5038.57,429.839
5000,130.339,4826.25,460.702
5010,138.005,5057.8,431.982
5020,131.191,4860.66,463.775
5030,138.959,5081.64,433.776
5040,132.375,4981.05,475.741
5050,140.13,5165.4,481.006
5060,140.431,5182.1,435.084
5070,131.75,4970.05,469.232
5080,141.623,5176.73,477.515
5090,142.239,5196.15,433.085
5100,134.638,5019.15,472.552
5110,143.289,5122.75,475.478
5120,143.483,5280.78,440.823
5130,135.487,5028.22,462.808
5140,141.682,5219.81,452.742
5150,138.396,5088.27,484.228
5160,145.967,5341.89,496.128
5170,146.697,5379.65,492.045
5180,146.689,5376.72,501.116
5190,147.979,5407.93,506.057
5200,148.315,5433.11,502.975
5210,148.64,5430.9,504.738
5220,149.096,5284.16,500.04
5230,149.536,5424.39,506.946
5240,150.426,5454.84,508.126
5250,150.801,5304.14,504.889
5260,151.251,5320.42,506.228
5270,151.886,5325.72,504.544
5280,152.487,5342.94,505.576
5290,152.866,5369.4,507.835
5300,153.39,5354.12,507.456
5310,154.023,5364.95,508.873
5320,154.568,5371.81,511.011
5330,155.376,5367.27,512.101
5340,156.184,5542.24,491.472
5350,146.737,5344.61,512.293
5360,151.133,5436.24,509.606
5370,151.764,5442.72,504.312
5380,151.071,5368.56,502.509
5390,153.222,5289.58,464.089
5400,145.405,5334.81,490.692
5410,150.025,5435.6,491.198
5420,150.178,5425.11,488.152
5430,151.417,5374.52,522.341
5440,161.827,5513.1,459.721
5450,147.992,5371.04,524.561
5460,162.692,5661,536.089
5470,163.199,5554.72,527.711
5480,157.999,5572.08,496.81
5490,155.931,5471.02,527.594
5500,165.134,5744.67,519.233
5510,160.869,5574.05,508.881
5520,156.71,5586.16,501.517
5530,156.276,5551.76,532.192
5540,161.369,5706.3,542.137
5550,168.168,5833.02,500.531
5560,157.654,5604.81,528.498
5570,163.812,5671.09,516.505
5580,159.205,5700.38,538.392
5590,170.615,5868.07,528.744
5600,171.156,5762.45,479.489
5610,157.787,5638.43,529.987
5620,165.265,5769.05,547.045
5630,172.835,5952.23,498.023
5640,162.356,5756.95,547.235
5650,174.214,6000.5,500.674
5660,165.388,5839.23,509.179
5670,166.066,5920.68,527.273
5680,165.407,5773.87,485.022
5690,163.597,5884.05,528.571
5700,166.468,5822.27,488.637
5710,160.363,5789.51,510.028
5720,167.702,5970.67,515.558
5730,165.197,5970.84,526.123
5740,168.235,5929.89,544.384
5750,169.668,5995.25,519.729
5760,167.306,6028.73,529.575
5770,170.71,6012.21,569.765
5780,174.284,6178.03,576.17
5790,176.905,6027.97,497.051
5800,165.354,6024.49,547.112
5810,180.225,6208.22,521.255
5820,171.038,6063.1,544.866
5830,174.279,6207.65,553.337
5840,176.16,6215.82,555.919
5850,181.082,6345.81,579.578
5860,181.86,6360.64,574.123
5870,181.695,6360.62,539.672
5880,174.777,6097.24,521.668
5890,171.847,6211.69,545.535
5900,180.994,6327.58,509.087
5910,175.323,6298.78,547.523
5920,182.6,6428.7,572.603
5930,182.761,6378.57,537.713
5940,177.822,6235.23,541.004
5950,178.458,6369.35,539.905
5960,178.542,6298.06,539.752
5970,176.94,6350.53,587.134
5980,194.603,6651.69,566.783
5990,184.912,6462.26,586.45
6000,195.678,6685.48,537.989
6010,179.001,6444.81,531.385
6020,179.393,6430.86,517.066
6030,179.37,6351.37,520.592
6040,179.276,6466.63,564.137
6050,185.258,6641.05,546.184
6060,184.414,6509.1,522.371
6070,180.99,6504.13,523.477
6080,181.025,6557.61,526.114
6090,186.317,6715.33,524.596
6100,184.685,6646.64,577.775
6110,197.96,6868.37,527.491
6120,182.027,6614.88,530.621
6130,184.177,6833.28,538.665
6140,186.115,6739.98,527.713
6150,183.986,6848.52,533.97
6160,184.159,6872.63,538.086
6170,186.665,7009.49,558.357
6180,188.68,6785.34,543.15
6190,186.061,6770.27,546.344
6200,185.552,6925.31,548.028
6210,189.212,6953.7,550.15
6220,191.666,7046.88,551.793
6230,190.125,6895.09,554.742
6240,189.263,6951.25,555.491
6250,191.663,7065.6,556.702
6260,192.793,7072.68,557.67
6270,192.486,6971.67,560.446
6280,190.99,6994.99,562.007
6290,193.064,7343.65,642.745
6300,215.892,7470.26,568.57
6310,194.372,7196.69,570.855
6320,199.459,7109.33,569.137
6330,193.655,7026.63,569.449
6340,195.079,7065.8,571.22
6350,196.795,7105.37,570.345
6360,198.97,7168.76,571.717
6370,197.955,7325.53,647.578
6380,214.789,7416.86,573.996
6390,199.554,7317.33,573.848
6400,199.299,7295.8,575.504
6410,201.235,7257.8,580.25
6420,201.012,7234.76,582.956
6430,201.314,7248.43,583.063
6440,202.113,7251.85,588.315
6450,202.132,7357.96,585.715
6460,204.907,7444.99,584.186
6470,203.49,7490.97,592.868
6480,209.73,7506.46,588.135
6490,205.18,7423.08,646.23
6500,222.987,7896.58,620.575
6510,211.483,7428.33,589.769
6520,207.582,7566.07,590.909
6530,208.488,7467.54,592.973
6540,208.008,7385.89,596.348
6550,206.857,7396.73,593.734
6560,210.472,7520.53,595.339
6570,209.12,7376.2,595.728
6580,209.609,7505.15,598.121
6590,209.555,7706.47,628.387
6600,217.39,7487.12,599.71
6610,214.181,7535.03,599.144
6620,211.808,7642.01,600.613
6630,213.175,7617.62,602.252
6640,212.733,7517.2,601.222
6650,214.1,7741.33,601.812
6660,215.199,8028.67,687.979
6670,240.685,8125.44,608.247
6680,214.913,7794.1,612.469
6690,216.672,7818.99,609.422
6700,218.998,7807.8,613.617
6710,219.621,7821.22,618.747
6720,217.964,7886.17,615.932
6730,218.017,7864.28,615.248
6740,221.547,7931.79,617.83
6750,219.106,7859.66,616.127
6760,223.082,7952.44,617.724
6770,221.803,7993.68,619.798
6780,222.122,7975.93,619.595
6790,222.046,7821.95,621.904
6800,224.776,8290.26,638.659
6810,225.998,8093.78,624.621
6820,224.485,7920.67,624.653
6830,225.559,8040.19,623.916
6840,227.484,8144.97,623.746
6850,227.642,8154.61,624.51
6860,228.36,8237.95,625.96
6870,231.659,8441.19,628.337
6880,228.773,8428.13,722.814
6890,244.736,8713.25,722.966
6900,282.204,9086.68,631.991
6910,230.394,8326.87,629.379
6920,229.887,8281.42,633.304
6930,230.525,8448.89,632.551
6940,232.277,8334.5,634.602
6950,231.907,8287.82,636.295
6960,232.199,8388.76,636.186
6970,236.68,8367.31,635.328
6980,233.42,8502.08,639.354
6990,234.352,8528,679.367
7000,252.141,8707.35,638.72
7010,236.753,8519.75,643.407
7020,237.031,8548.23,640.435
7030,236.711,8647.4,643.441
7040,237.71,8688.4,643.65
7050,237.866,8629.4,642.405
7060,239.037,8653.89,651.852
7070,245.563,8822.99,645.186
7080,241.183,8776.97,646.228
7090,240.801,8765.18,646.989
7100,240.73,8800.86,647.39
7110,243.739,8920.1,649.327
7120,242.938,8955.35,650.183
7130,243.593,8935.91,649.947
7140,243.974,9024.48,652.749
7150,244.493,9069.06,649.652
7160,243.873,9169.26,650.537
7170,244.708,9539.23,653.413
7180,247.812,9686.26,659.871
7190,250.837,9438.54,671.759
7200,250.483,9614.95,662.525
7210,250.069,9404.35,665.701
7220,249.858,9482.34,668.116
7230,250.991,9449.34,674.883
7240,253.03,9511.89,669.96
7250,252.137,9593.39,673.991
7260,252.615,9565.57,671.542
7270,253.191,9643.93,675.704
7280,255.489,9505.06,675.501
7290,254.712,9782.97,718.378
7300,264.327,10353.9,784.076
7310,298.179,10447.2,682.371
7320,257.839,9585.49,682.431
7330,258.435,9754.13,689.877
7340,263.456,9670.3,683.92
7350,259.989,9742.55,688.351
7360,262.301,9710.76,688.498
7370,260.838,9739.49,686.544
7380,262.091,9693.64,688.395
7390,263.437,9878.79,692.149
7400,264.628,9863.88,724.967
7410,279.463,10113.6,691.83
7420,263.624,9770.32,690.395
7430,266.657,9959.5,692.633
7440,266.197,9893.73,698.881
7450,267.195,9974.03,698.178
7460,268.856,10143.6,701.909
7470,269.124,10098.1,699.909
7480,268.065,9931.49,701.867
7490,269.104,9993.43,702.74
7500,269.804,10070.7,708.455
7510,270.354,10269.3,730.496
7520,274.939,10158.7,704.51
7530,272.148,10046.6,704.246
7540,271.597,10309.7,703.953
7550,275.208,10364.3,705.115
7560,272.607,10324,708.502
7570,275.026,10330,711.221
7580,275.322,10430.7,713.406
7590,274.793,10369.1,713.156
7600,275.111,10531.3,709.579
7610,277.697,10572.2,713.073
7620,277.61,10904.6,716.376
7630,277.84,10684.3,715.606
7640,277.577,10621.1,749.19
7650,296.627,10992.3,715.361
7660,283.534,10841.9,715.9
7670,281.433,11292.5,718.676
7680,284.055,11214.7,720.308
7690,282.566,11130,722.632
7700,287.131,11159.7,726.71
7710,285.115,11278.3,725.023
7720,286.015,11191.9,732.851
7730,285.946,11205.6,733.11
7740,286.755,11291.1,731.577
7750,287.306,11438.5,734.982
7760,287.912,11203.2,735.475
7770,287.768,11308,740.583
7780,289.57,11412,735.994
7790,290.678,11401.4,737.494
7800,290.296,11371.4,737.519
7810,292.837,11515.3,744.946
7820,293.916,11587.5,747.355
7830,293.381,11574.3,744.395
7840,294.519,11648.7,746.746
7850,298.205,11642.7,747.997
7860,294.722,11916.1,853.522
7870,340.542,13345.3,893.497
7880,348.87,13470,817.113
7890,322.278,12604.6,761.544
7900,304.012,12053.9,767.282
7910,305.072,12157.2,765.105
7920,306.641,12546,772.993
7930,306.476,12744.8,841.759
7940,336.676,14403.2,886.65
7950,343.599,13097.6,777.511
7960,314.127,12835.1,779.702
7970,313.042,13419.1,784.565
7980,312.723,12958,781.723
7990,315.258,13218.2,855.531
8000,351.017,13021.9,782.372
8010,316.113,13297.7,864.418
8020,332.513,14727,917.105
8030,358.886,14951.3,939.229
8040,362.185,14938.4,870.93
8050,337.148,13565.3,907.29
8060,364.741,15092.4,920.654
8070,363.98,15443.8,936.934
8080,370.106,15620.4,936.328
8090,369.597,15529.4,940.562
8100,368.973,15639.2,939.571
8110,369.999,15758.3,952.921
8120,376.238,15828.2,929.273
8130,370.518,16356.1,993.87
8140,379.543,16386.4,956.971
8150,372.61,16346.4,948.537
8160,374.822,16639.7,951.554
8170,377.659,16693.7,950.749
8180,379.768,17208.6,943.47
8190,377.729,17349.2,947.25
8200,372.737,17859.9,950.429
8210,374.347,17944,972.579
8220,378.443,17998.1,967.594
8230,378.863,17584.3,978.403
8240,376.558,17735.4,978.026
8250,377.909,17685.3,981.533
8260,382.975,17836,1008.1
8270,379.742,17895.5,996.138
8280,380.317,17635,997.75
8290,379.386,17857,1002.86
8300,382.311,17886.3,1005.01
8310,387.831,17899.6,1016.9
8320,383.756,17881.7,1015.01
8330,384.726,17889,1033.8
8340,385.766,17901.7,1026.14
8350,386.561,17892,1038.3
8360,386.099,17752.9,1032.06
8370,387.809,17937,1038.07
8380,394.479,17842.1,1044.9
8390,390.431,17965.5,1044.9
8400,391.716,17858.2,1045.18
8410,385.138,17894.7,1050.37
8420,393.024,17949.6,1079.79
8430,402.965,18079.4,1050.58
8440,394.998,17843.9,1053.81
8450,392.475,17871.5,1057.78
8460,393.68,17875.2,1062.05
8470,388.407,17859.8,1063.7
8480,389.426,17924.4,1067.57
8490,394.307,17825.9,1067.14
8500,390.594,17839,1067.88
8510,391.58,17871,1075.62
8520,392.645,17863.3,1078.36
8530,393.568,17945.7,1084.3
8540,396.27,17856.9,1078.06
8550,394.961,17955.9,1111.26
8560,409.256,18578.9,1113.16
8570,410.306,17242.1,1020.26
8580,380.568,17039.4,1022.8
8590,385.351,17076.8,1015.9
8600,375.171,16542,1013.12
8610,376.781,17161.5,980.564
8620,370.501,16501.1,999.198
8630,379.282,16806.8,1112.46
8640,415.477,17475.4,1122.76
8650,413.329,18209.7,1126.48
8660,416.405,18086,1111.78
8670,415.557,17317.7,1074.58
8680,393.662,17556.2,1110.2
8690,417.297,17846.2,1112.26
8700,416.571,17961.2,1134.05
8710,425.686,16833.1,1001.22
8720,378.065,16455.4,993.449
8730,380.224,16539.2,1004.48
8740,381.409,16693.3,1000.67
8750,378.367,16461.1,1002.52
8760,379.771,17089.8,1017.03
8770,384.357,16715.1,1006.46
8780,378.832,16503.3,1012.06
8790,378.783,16436.4,1006.6
8800,380.36,16627.6,1039.06
8810,397.08,16625.9,1015.3
8820,380.209,16399.5,1013.43
8830,388.558,16494.5,1019.55
8840,389.085,17226.6,1141.48
8850,424.938,17652.7,1064.1
8860,392.646,16897.1,1047.89
8870,395.249,16811.8,1025.26
8880,388.568,16544.7,1028.4
8890,388.158,16506.5,1030.14
8900,388.463,16734.6,1134.78
8910,416.215,16782,1032.3
8920,395.057,16534.8,1034.97
8930,393.264,16659.6,1037.93
8940,393.618,16924.3,1086.68
8950,410.63,16799.6,1040.35
8960,395.85,16694.7,1044.75
8970,394.916,17012.6,1047.7
8980,402.585,16711.9,1049.38
8990,396.554,16698.7,1055.11
9000,397.024,17911.9,1105.31
9010,404.903,16865.3,1058.06
9020,400.38,16980.5,1076.8
9030,407.676,17249.4,1153.4
9040,438.384,17576,1060.36
9050,403.543,16868.2,1062.25
9060,406.303,16890.1,1066
9070,402.01,17184.9,1065.94
9080,405.637,16885.7,1065.8
9090,406.931,17061.1,1079.06
9100,409.56,17542,1073.72
9110,407.011,17037.2,1076.01
9120,404.547,16915.1,1081.66
9130,411.254,17280.9,1076.37
9140,410.428,16890.4,1084.35
9150,409.719,17017.1,1081.42
9160,410.679,17191.3,1148.51
9170,424.804,17148.8,1085.08
9180,414.084,17316.9,1086.63
9190,412.628,17080.1,1092.76
9200,423.738,17255.3,1089.71
9210,422.4,17142.4,1095.24
9220,418.433,17132.2,1103.17
9230,419.132,17359.2,1104.4
9240,420.232,17157.2,1104.86
9250,419.452,17204.7,1125.36
9260,425.803,17523.5,1127.25
9270,430.009,17254.7,1120
9280,423.572,17132.7,1118.63
9290,424.367,17216.4,1118.73
9300,423.792,17240.1,1124.15
9310,424.229,18055.4,1289.58
9320,479.97,18108.6,1162.59
9330,435.561,17453.4,1147.53
9340,435.62,17228.1,1125.79
9350,428.245,17319.5,1229.36
9360,469.427,17507.6,1136.17
9370,430.073,17299.5,1135.99
9380,433.805,17258.9,1146.53
9390,433.428,17650.8,1139.76
9400,435.826,18019.8,1193.34
9410,463.582,18513.9,1237.25
9420,468.402,19232.4,1311.81
9430,482.931,18352.7,1158.58
9440,446.472,18094.5,1243.06
9450,472.518,17718.5,1171.65
9460,444.881,18119.7,1322.12
9470,492.558,17614.2,1151.25
9480,439.653,17980.4,1166.62
9490,444.407,17521.4,1159.4
9500,446.374,17905.3,1256.93
9510,469.111,19366,1335.15
9520,496.395,18356.4,1171.43
9530,448.558,17483.5,1168.35
9540,447.042,19182.9,1358.69
9550,513.338,19639.5,1382.74
9560,524.2,18621.7,1240.76
9570,477.489,18040.3,1197.06
9580,455.679,17761.4,1183.25
9590,459.056,19131.9,1388.4
9600,514.286,20161,1377.39
9610,515.151,19991.7,1371.71
9620,515.097,19039.6,1298.61
9630,481.381,19218.1,1272.67
9640,494.596,18099.5,1201.61
9650,462.026,19986.9,1392.88
9660,524.177,20174.7,1394.16
9670,525.153,20166.1,1398.49
9680,526.357,20158.2,1397.37
9690,527.023,20295.9,1400.57
9700,529.062,20230.1,1400.58
9710,530.149,19094.3,1402.13
9720,528.901,19277.3,1287.02
9730,508.436,18640.9,1287.9
9740,496.072,18333.1,1217.31
9750,477.786,18759.4,1219.89
9760,473.574,18651.5,1294.94
9770,507.46,19130.4,1395.11
9780,531.963,19535.8,1286
9790,480.733,19593.5,1379.38
9800,506.973,19078.6,1349.59
9810,522.778,19690.9,1348.79
9820,518.783,20374.2,1426.83
9830,540.969,20294.4,1401.35
9840,529.987,20424.1,1408.48
9850,532.68,20336.5,1402.54
9860,533.184,20315.4,1408.79
9870,531.454,20372.9,1440.01
9880,532.375,20301.6,1395.66
9890,534.12,20555.8,1432.42
9900,546.333,20634.9,1465.59
9910,548.316,20815,1434.52
9920,547.668,20547.2,1449.83
9930,554.332,20647.9,1432.22
9940,546.781,20504,1420.23
9950,541.925,20690.1,1448.19
9960,559.306,20685.7,1422.39
9970,539.713,19627.4,1407.85
9980,562.513,21091.5,1458.93
9990,560.158,21081.3,1462.53
10000,560.609,21064.6,1464.08
